{
  "model/models-dbg.js": 1752987933182,
  "manifest.json": 1752986230581,
  "controller/admmin.controller.ts": 1752986230589,
  "model/models.ts": 1752986230585,
  "controller/App.controller.ts": 1752986230585,
  "Component.ts": 1752986230585,
  "Component.js.map": 1752987933330,
  "model/models.js.map": 1752987933326,
  "controller/App.controller.js.map": 1752987933325,
  "controller/admmin.controller.js.map": 1752987933325,
  "Component.js": 1752987933182,
  "model/models.js": 1752987933182,
  "controller/App.controller.js": 1752987933182,
  "controller/admmin.controller.js": 1752987933182,
  "Component-dbg.js": 1752987933182,
  "Component-dbg.js.map": 1752987933191,
  "i18n/i18n.properties": 1752986230581,
  "model/models-dbg.js.map": 1752987933194,
  "controller/App-dbg.controller.js": 1752987933182,
  "controller/App-dbg.controller.js.map": 1752987933194,
  "controller/admmin-dbg.controller.js": 1752987933182,
  "controller/admmin-dbg.controller.js.map": 1752987933195,
  "Component-preload.js": 1752987933435,
  "Component-preload.js.map": 1752987933435,
  "view/admmin.view.xml": 1752987040177,
  "view/App.view.xml": 1752986230589,
  "css/style.css": 1752986230589,
  "index.html": 1752986230581
}